First Name,Last Name,Full registered name,Job Title,Company Name,Company Domain,Org.nr,Källa
Johan,Kallblad,Johan Olof Kallblad,CEO,Upsales Nordic AB,upsales.com,556641-2507,Ursprungslistan
Mads,Rebsdorf,Mads Næss Rebsdorf,CEO,Scrive AB,scrive.com,556816-6804,Ursprungslistan
Erik,Fjellborg,Erik Olof Viktor Fjellborg,CEO,Quinyx AB,quinyx.com,556704-4580,Ursprungslistan
Erik,Andersson,Erik Jonas Christer Andersson,CEO,Teamtailor AB,teamtailor.com,556936-6668,Ursprungslistan
Erica,Ekelund,Erica Adele Sandelin Ekelund,CEO,Voyado AB,voyado.com,556787-0208,Ursprungslistan
Joel,Hellermark,Joel Hellermark,CEO,Sana Labs AB,sanalabs.com,559060-6579,Ursprungslistan
Pär,Johansson,Pär Daniel Roger Johansson,CEO,Wint AB,wint.se,556433-1717,Ursprungslistan
Jonas,Suijkerbuijk,Jonas Leopold Suijkerbuijk,CEO,BILLOGRAM AB,billogram.com,556801-7155,Ursprungslistan
Kurt,Widegren,Kurt Ola Widegren,CEO,InExchange Factorum AB,inexchange.se,556700-9971,Ursprungslistan
Henri,Taipale,Henri Olli-Pekka Taipale,CEO,Qvalia AB,qvalia.com,556732-1707,Ursprungslistan
Joakim,Hahne,Joakim Curt Mikael Hahne,CEO,Pagero AB,pagero.com,556581-4695,Ursprungslistan
Inger,Börjesson,Inger Maria Dedering Börjesson,CEO,Netigate AB,netigate.net,556576-0997,Ursprungslistan
Linda,Åstrand,Linda Elisabet Åstrand,CEO,Easit AB,easit.com,556569-7140,Ursprungslistan
Viktor,Karlsson,Viktor Gustav Emil Karlsson,CEO,Telavox AB,telavox.com,556600-7786,Ursprungslistan
Philip,Crea,Philip Nason Mc Crea,CEO,Viedoc Technologies AB,viedoc.com,556893-1116,Ursprungslistan
Peter-Carl,Wilcke,Peter-Carl Magnus Wilcke,CEO,Dugga AB,dugga.com,559006-5198,Ursprungslistan
Bo,Gyldenvang,Bo Gyldenvang,CEO,Stratsys AB,stratsys.com,556586-9848,Ursprungslistan
Malin,Konyi,Malin Johanna Konyi,CEO,Bygglet AB,bygglet.com,556822-0635,Ursprungslistan
Paiam,Chegeni,Paiam Ataei Chegeni,CEO,Struqtur AB,struqtur.se,556907-9477,Ursprungslistan
Ulf,Gyllenring,Ulf Emil Gyllenring,CEO,Workbuster Matcha AB,workbuster.com,559458-0994,Ursprungslistan
Hamed,Ghalaei,Hamed Ghalaei,CEO,Zoezi AB,zoezi.se,556952-0553,Ursprungslistan
Johan,Made,Johan Robert Niklas Made,CEO,BRP Systems AB,brpsystems.com,556658-2770,Ursprungslistan
Kjell,Grawé,Kjell Niklas Grawé,CEO,Bokadirekt i Stockholm AB,bokadirekt.se,556580-5412,Ursprungslistan
Sara,Holm,Sara Sofia Birgitta Manding Holm,CEO,Kund-o AB,kundo.se,556812-7004,Ursprungslistan
Jens,Levin,Jens Herbert Levin,CEO,Sitoo AB,sitoo.com,556629-6322,Ursprungslistan
Leendert,Venema,Leendert Hendrik Venema,CEO,Extenda Retail AB,extendaretail.com,556229-6326,Ursprungslistan
Sam,Jahanfar,Sam Ruben Jahanfar,CEO,Rule Communication - Nordic AB,rule.io,556740-1293,Ursprungslistan
Gustav,Berghog,Gustav Erik Ray Berghog,CEO,MyNewsdesk AB,mynewsdesk.com,556634-1276,Ursprungslistan
Ola,Kaber,Ola Marcus Kaber,CEO,H.O.L.M. Security Sweden AB,holmsecurity.com,559030-4217,Ursprungslistan
Niklas,Olsson,Niklas Patrik Olsson,CEO,Spiideo AB,spiideo.com,556883-4435,Ursprungslistan
Johan,Krantz,Johan Mattias Krantz,CEO,InfoMentor - P.O.D.B AB,infomentor.se,556651-9475,Ursprungslistan
Katinka,Engellau-Nilsson,Katinka E B L Engellau-Nilsson,CEO,SchoolSoft AB,schoolsoft.se,556587-6066,Ursprungslistan
Michael,Trotter,Michael David Trotter,CEO,vklass Aktiebolag,vklass.se,556992-5992,Ursprungslistan
Jon,Borg,Jon Olov Mattias Borg,CEO,Learnifier AB,learnifier.com,556701-2322,Ursprungslistan
Jane,Eriksson,Jane Elisabeth Lundgren Eriksson,CEO,Flex Applications Sverige AB,flexapplications.se,556616-1948,Ursprungslistan
Johan,Andersson,Johan Henrik Andersson,CEO,Personalkollen Sverige AB,personalkollen.se,556842-6786,Ursprungslistan
Rahul,Yadav,Rahul Yadav,CEO,Paligo AB,paligo.net,559021-1537,Ursprungslistan
Fredrik,Edeland,Fredrik Christer Magnus Edeland,CEO,Sendify AB,sendify.se,559102-5852,Ursprungslistan
Sara,Ali,Sara Ali,CEO,LogTrade Technology AB,logtrade.se,556659-9410,Ursprungslistan
Anders,Einarsson,Anders Fredrik Mikael Einarsson,CEO,Ongoing Warehouse AB,ongoingwarehouse.com,556757-8678,Ursprungslistan
Sara,Blanck,Sara Ulrika Edina Blanck,CEO,Formpipe Sverige AB,formpipe.com,559533-5364,Ursprungslistan
Søren,Jepsen,Søren Bak Jepsen,CEO,Sitevision AB,sitevision.se,556624-7747,Ursprungslistan
Adam,Knapp,Adam Francis Knapp,CEO,Benifex Sweden AB,benify.se,556595-0317,Ursprungslistan
Michael,Lantz,Michael Mathias Lantz,CEO,Accedo Broadband AB,accedo.tv,556654-7864,Ursprungslistan
Carl,Bonnier,Carl Peder Louis Bonnier,CEO,Storykit AB,storykit.io,556980-8404,Ursprungslistan
Hannes,Rogall,Hannes Rogall,CEO,Tink AB,tink.com,556898-2192,Ursprungslistan
Rolf,Dahlberg,Rolf Jonas Dahlberg,CEO,Sinch AB (publ),sinch.com,556882-8908,Ursprungslistan
John,Vestberg,John Olof Vestberg,CEO,Clavister AB,clavister.com,556917-6612,Ursprungslistan
Pedram,Tadayon,Pedram Tadayon,CEO,Yabie AB,yabie.com,559083-2092,Ursprungslistan
Bengt,Olsson,Bengt Patrik Olsson,CEO,Consafe Logistics AB,consafelogistics.com,556264-2909,Ursprungslistan
Oskar,Gröndahl,Oskar Emanuel Gröndahl,CEO,Precisely AB,precisely.se,556963-5286,Ursprungslistan
Jonas,Engwall,Jonas Olof Engwall,CEO,Exopen Systems AB,exopen.se,556047-7472,Ursprungslistan
Pontus,Björnsson,Pontus Jan-Erik Björnsson,CEO,Kleer Group AB,kleer.se,556830-3324,Ursprungslistan
Karl,Askås,Karl Jonas Anders Askås,CEO,Askås Internet- & Reklambyrå AB,askas.se,556639-5256,Ursprungslistan
Björn,Wahlström,Björn Henrik Wahlström,CEO,MOBLRN - Mobilized Learning AB,moblrn.com,556930-0535,Ursprungslistan
Per,Schmidt,Per Henrik Sebastian Schmidt,CEO,Pinmeto AB,pinmeto.com,556941-6893,Ursprungslistan
Martina,Jonsson,Martina Margareta Jonsson,CEO,Sharespine AB,sharespine.com,556642-8768,Ursprungslistan
Pär,Haga,Pär Fredrik Haga,CEO,Boardeaser AB,boardeaser.com,556930-6664,Ursprungslistan
Carl,Lindeberg,Carl Niclas Lindeberg,CEO,Tickster AB,tickster.com,556755-3044,Ursprungslistan
Emma,Ödqvist,Emma Viktoria Ödqvist,CEO,Invajo AB,invajo.com,556984-0829,Ursprungslistan
Karl,Lönnevi,Karl Henrik Lönnevi,CEO,Kivra AB,kivra.com,556840-2266,Ursprungslistan
Lars,Henriksson,Lars Magnus Henriksson,CEO,Timeedit AB,timeedit.com,556565-9009,Ursprungslistan
Gustaf,Wibom,Gustaf Sten Erik Wibom,CEO,Wiraya Solutions AB,wiraya.com,556764-5071,Ursprungslistan
Øyvind,Larsen,Øyvind Oshaug Larsen,CEO,Kontek,kontek.se,556065-0318,Ursprungslistan
Hanna,Lerenius,Hanna Brita Lerenius,CEO,Sportadmin i Skandinavien AB,sportadmin.se,556773-0832,Ursprungslistan
Sven,Paulin,Sven Karl Georg Kolenda Paulin,CEO,Fieldly AB,fieldly.com,556968-7717,Ursprungslistan
Johan,Jensen,Johan Mörch Jensen,CEO,Roaring Group AB,roaring.io,559067-2613,Ursprungslistan
Lars,Brontén,Lars George Brontén,CEO,Membrain.com - B2B Growth Platform,membrain.com,556685-9020,Ursprungslistan
Mattias,Bratt,Mattias Christopher Bratt,CEO,Specter AB,specter.se,556669-4518,Ursprungslistan
Adrian,Aptowitzer,Adrian Dario Aptowitzer,CEO,Monitor ERP System AB,monitorerp.com,556071-3454,Ursprungslistan
Ellen,Kugelberg,Ellen Turid Sofia Kugelberg,CEO,Momentum Software AB,momentum.se,556474-2103,Ursprungslistan
Karl,Andersson,Karl Mattias Andersson,CEO,Antura AB,antura.se,556609-7316,Ursprungslistan
Azddin,Benberkan,Azddin Benberkan,CEO,Quickbutik AB,quickbutik.com,556980-9105,Ursprungslistan
Josef,Rönnquist,Josef Dan Roland Rönnquist,CEO,Mediaflow Europe AB,mediaflow.com,556649-7573,Ursprungslistan
Jens,Björk,Jens Peter Björk,CEO,Planima AB,planima.se,559027-1358,Ursprungslistan
Karl,Walander,Karl Patrik Walander,CEO,Bizzdo AB,bizzdo.se,559087-8517,Ursprungslistan
Mikkel,Lundø,Mikkel Lundø,CEO,Assessio Sverige AB,assessio.com,556047-4255,Ursprungslistan
Alexander,Knezevic,Alexander Sasa Knezevic,CEO,Curoflow Technology AB,curoflow.com,559123-3654,Branschsökning
Jonas,Andersson,Jonas Magnus Andersson,CEO,vScope AB,vscope.net,559551-6559,Branschsökning
Anders,Jacobsson,Anders Mattias Jacobsson,CEO,Smart Source AB,smartsource.eu,556659-5921,Branschsökning
Øyvind,Larsen,Øyvind Oshaug Larsen,CEO,Visma Software AB,vismasoftware.se,556567-5906,Branschsökning
Ted,Wåhlstrand,Ted Fredrik Wåhlstrand,CEO,Eplan AB,eplan.com,556588-8723,Branschsökning
Jens,Olsson,Jens Anders Olof Olsson,CEO,Telia Sverige AB,telia.se,556430-0142,Branschsökning
Karl,Eckerdal,Karl Fredrik Torbjörn Eckerdal,CEO,NetOnNet AB,netonnet.se,556520-4137,Branschsökning
Johan,Toborn,Johan Mattias Toborn,CEO,Spelbutiken Sweden AB,spelbutiken.se,556611-3212,Branschsökning
Peter,Uddfors,Peter Johan Erik Uddfors,CEO,Avoki Services AB,avoki.com,559058-8181,Branschsökning
Mark,Hobson,Mark Hobson,Chairman,Advent Sweden AB,advent.com,556602-7131,Branschsökning
Karl,Hedlund,Karl Daniel Hedlund,Chairman,Opsio AB,opsiocloud.com:443,556813-0032,Branschsökning
Anders,Malm,Anders Wilhelm Malm,CEO,Compliq IT Aktiebolag,compliq.se,556451-0021,Branschsökning
Michael,Odälv,Michael Odälv,CEO,Accurate Technologies AB,accurate.com,556638-5174,Branschsökning
Mikael,Rhawi,Mikael Rhawi,Board member,Flo Pay AB,flopay.se,556665-9339,Branschsökning
David,Kjellander,David Jan-Olof Kjellander,CEO,DocuSyd AB,docusyd.se,556778-9234,Branschsökning
Jan,Källman,Jan Erik Källman,CEO,EPPlus Software AB,epplussoftware.com,559205-1980,Branschsökning
Martin,Billenius,Martin S A Jönsson Billenius,Board member,Geins Solutions AB,geins.io,556691-7422,Branschsökning
Artur,Sobieszczuk,Artur Sobieszczuk,Board member,Multitech Data i Sverige AB,multitech.com,556651-2231,Branschsökning
Mats,Johansson,Mats Stefan Johansson,Board member,ProgramDuon AB,programduon.com,556500-5849,Branschsökning
Sindre,Haaland,Sindre Haaland,Chairman,SalesScreen AB,salesscreen.com,559139-1874,Branschsökning
Patrik,Wahlberg,Patrik Per Göran Wahlberg,Board member,Comfuture Aktiebolag,comfuture.se,556564-8978,Branschsökning
Agnieszka,Ashoor,Agnieszka Ashoor,Board member,Digitalboxen Sverige AB,digitalboxen.com,556778-6594,Branschsökning
Carl,Ernst,Carl Richard Ernst,Board member,APPuru AB,appuru.se,559131-8588,Branschsökning
Bengt,Vaara,Bengt Ronny Johansson Vaara,CEO,R-link Sweden AB,r-link.com,556856-4420,Branschsökning
Cyril,Porseland,Cyril Porseland,CEO,JobOffice AB,joboffice.se,559076-2794,Branschsökning
Hassan,Abdelaal,Hassan Ahmed Hassan Abdelaal,CEO,Nordic Teknik House AB,teknikhouse.se,559118-7488,Branschsökning
Bengt,Björling,Bengt Peter Björling,Chairman,Timemetrics AB,timemetrics.io,556622-4902,Branschsökning
Sven,Sollert,Sven Johan Folke Sollert,CEO,Sollert Sweden AB,sollert.io,556756-5303,Branschsökning
Juha,Jurvanen,Juha Mikael Jurvanen,Board member,RedCloud IT Aktiebolag,redcloud.se,556606-1833,Branschsökning
Asma,Mohammed,Asma Abdulwahab Hagos Mohammed,Chairman,MAQ Techs AB,maqtechs.com,559391-7437,Branschsökning
Daniel,Osser,Daniel Joakim Magnus Osser,CEO,Bluapp AB,bluapp.com,556752-1538,Branschsökning
Raul,Chagallo,Raul Martin Albanesi Chagallo,Board member,Andromeda Tech International AB,andromedatech.io,559114-1717,Branschsökning
Rafael,Sajadi,Rafael Rasoul Sajadi,CEO,DigiGenius IT Solutions Sweden AB,digigenius.tech,559522-6480,Branschsökning
Karl,Airikainen,Karl Jimmie Thomas Airikainen,CEO,Spela Retro Sverige AB,spelaretro.se,559553-1301,Branschsökning
Hans,Hagen,Hans Joakim Hagen,Chairman,Veloxis AB,veloxis.se,559558-7790,Branschsökning
Hans,Esfahani,Hans Hosein Esfahani,CEO,NOIAN AB,noian.com,559570-2449,Branschsökning
Mattias,Jansson,Mattias Rickard Jansson,Board member,SweLogic AB,swelogic.ai,559571-3529,Branschsökning
Olov,Grönborg,Olov Mattias Grönborg,CEO,iGoMoon AB,igomoon.com,556899-5681,Branschsökning
Bengt,Sousa,Bengt Daniel Oliveira De Sousa,CEO,Rillion AB,rillion.com,556341-9182,Branschsökning
Oscar,Meivert,Oscar Magnus Meivert,CEO,Sysarb AB,sysarb.com,556681-8828,Branschsökning
Viktor,Stensson,Viktor Mattias Stensson,CEO,Bokio Group AB,bokio.se,556873-7877,Branschsökning
Robert,Svantesson,Robert Christer Svantesson,Chairman,Mowin AB,mowin.com,556897-2565,Branschsökning
Kim,Forsgren,Kim Alexander Forsgren,CEO,Mainter AB,mainter.com,559157-7530,Branschsökning
Hotan,Haghighatgoo,Hotan Haghighatgoo,CEO,Bluescreen AB,bluescreen.se,556881-2670,Branschsökning
Stefan,Sidmar,Stefan Fredrik Sidmar,CEO,Telia Cygate AB,teliacygate.se,556549-8952,Branschsökning
Cajsa,Weibring,Cajsa Elinor Sydhoff Weibring,Board member,Planview International AB,planview.com,556552-3692,Branschsökning
Farhad,Saeidi,Farhad Saeidi,CEO,Comsol AB,comsol.com,556404-8675,Branschsökning
Casey,Joseph,Casey Colm Joseph,Board member,Wall Street Systems Sweden AB,iongroup.com,556500-8553,Branschsökning
Thomas,Angell,Thomas Angell,Chairman,nShift AB,nshift.com,556546-3717,Branschsökning
Jon,Boström,Jon Helge Erland Boström,CEO,Norstedts Juridik AB,nj.se,556226-6097,Branschsökning
Tommas,Davoust,Tommas Davoust,CEO,Lime Technologies Sweden AB,lime-technologies.com,556397-0465,Branschsökning
Mark,Beucler,Mark George Beucler,Board member,Glooko AB,glooko.com,556668-4675,Branschsökning
Casper,Dyrssen,Casper Gerhard Theodor Dyrssen,CEO,Modular Finance AB,modularfinance.com,556920-1998,Branschsökning
Gustav,Källhager,Gustav Källhager,CEO,Amadeus Scandinavia Aktiebolag,amadeus.com,556051-4571,Branschsökning
Per,Emanuelsson,Per Hans Emanuelsson,CEO,Soundtrap AB,soundtrap.com,559434-9044,Branschsökning
Jean-Charles,Nicolas,Jean-Charles Nicolas,Chairman,Apsis International AB,apsis.com,556615-5437,Branschsökning
Erik,Stone,Erik Svante Vilhelm Stone,CEO,RLDatix AB,rldatix.com,556471-7717,Branschsökning
Alexander,Nettleingham,Alexander Oliver Erik Nettleingham,CEO,VertiGIS AB,vertigis.com,556226-0199,Branschsökning
Sofia,Busck,Sofia Alexandra Kristina Busck,CEO,Signicat AB,signicat.com,556761-5561,Branschsökning
Ola,Sognefors,Ola Mathias Sognefors,CEO,SuperOffice Sweden AB,superoffice.se,556432-1247,Branschsökning
Per,Gustavsson,Per Niklas Gustavsson,CEO,StruSoft AB,strusoft.com,556628-1233,Branschsökning
Jessica,Hayes,Jessica Hayes,Board member,Iptor Sweden AB,iptor.com,556284-3812,Branschsökning
Avtar,Jasser,Avtar Singh Jasser,CEO,CatalystOne Solutions AB,catalystone.com,556926-0903,Branschsökning
Jonas,Ahlkvist,Jonas Anders Ahlkvist,CEO,Aurora Innovation Aktiebolag,aurorainnovation.com,556237-9825,Branschsökning
Henrik,Rosenstand,Henrik Rosenstand,CEO,Deltek Sverige AB,deltek.com,556471-5059,Branschsökning
Robert,Stone,Robert Samuel Stone,Chairman,Blue Prism AB,blueprism.com,559183-0327,Branschsökning
Hedda,Olsson,Hedda Elin Viktoria Båverud Olsson,CEO,Lassie AB,lassie.ai,559268-8310,Branschsökning
Anna,Wasing,Anna Maria Wasing,CEO,Axiell Sverige AB,axiell.com,556739-8218,Branschsökning
Kathleen,Barrett,Kathleen Ann Barrett,Chairman,iconik Media AB,iconik.io,559208-7695,Branschsökning
Leif,Andersson,Leif Åke Evander Andersson,CEO,MindArk PE Aktiebolag (publ),mindark.com,556640-4769,Branschsökning
Robert,Clay,Robert Peter Clay,Chairman,Voyagerr Sweden AB,voyagerr.com,556533-4272,Branschsökning
Johan,Arnelund,Johan Mattias Arnelund,CEO,Pythagoras AB,pythagoras.se,556523-3128,Branschsökning
Johan,Jarskog,Johan Peter Jarskog,CEO,MaintMaster Systems Aktiebolag,maintmaster.com,556439-4129,Branschsökning
Bo,Persson,Bo Nicklas Daniel Persson,Chairman,Intersolia Sweden AB,intersolia.com,556701-8576,Branschsökning
Jesper,Atie,Jesper Ringholm Atie,CEO,Crona Software AB,crona.se,556453-3817,Branschsökning
Charlotte,Sydow,Charlotte Margarita M I von Sydow,CEO,SpeedLedger Aktiebolag,speedledger.se,556398-4904,Branschsökning
Jan,Wicander,Jan Michael Wicander,CEO,Cloudmore AB,cloudmore.com,556668-8544,Branschsökning
Bo,Andersson,Bo Håkan Andersson,CEO,AceIQ AB,aceiq.com,556823-7134,Branschsökning
Michael,Carlberg,Michael Sven Anders Lax Carlberg,CEO,InfoVista Sweden AB,infovista.com,556759-2521,Branschsökning
Rickard,Yng,Rickard Göran Yng,Board member,Btwentyfour AB,btwentyfour.com,556590-4686,Branschsökning
Carl,Berger,Carl Gunnar Niklas Berger,CEO,SolidEngineer AB,solide.se,556671-2740,Branschsökning
Mark,Rosine,Mark Rosine,Chairman,Genesys Cloud Services Sweden AB,genesys.com,556557-3051,Branschsökning
Miquel,Piera,Miquel Ferrer Piera,CEO,Rentals United AB,rentalsunited.com,556868-1984,Branschsökning
Malin,Gustafsson,Malin Ingrid Johanna Gustafsson,Chairman,Grade AB,grade.com,556521-3120,Branschsökning
Thomas,Goodmanson,Thomas John Goodmanson,Chairman,Ecoonline AB,ecoonline.com,556736-9813,Branschsökning
Michelle,Hammarskjöld,Michelle Hammarskjöld,CEO,2Pint Software AB,2pintsoftware.com,556987-9066,Branschsökning
Fredrik,Holmberg,Fredrik Thomas Holmberg,CEO,Symbrio AB,symbrio.com,556570-1488,Branschsökning
Eulogi,Casas,Eulogi Bordas Casas,CEO,Flowbox AB,flowbox.com,559033-3745,Branschsökning
Sture,Iveling,Sture Kristian Iveling,CEO,Viskan System AB,viskan.com,556590-1864,Branschsökning
Robert,Nagy,Robert Nagy,CEO,nxtedition AB,nxtedition.com,556947-3043,Branschsökning
Seyd,Sadighi,Seyd Babak Sadighi,CEO,Axiomatics AB,axiomatics.com,556708-1012,Branschsökning
Anna,Borgström,Anna Louise Borgström,CEO,NetClean Technologies AB,netclean.com,559016-9040,Branschsökning
Marc,Gold,Marc Elliot Gold,Chairman,Dynatrace AB,dynatrace.com,556466-4075,Branschsökning
Connie,Wu,Connie Pei-Lin Wu,Chairman,Unity Technologies Sweden AB,unity.com,559021-2964,Branschsökning
Steven,Jenkins,Steven Andrew Graham Jenkins,CEO,Configura Sverige Aktiebolag,configura.com,556404-7156,Branschsökning
Per-Åke,Ivert,Per-Åke Hampus Ivert,CEO,Hypocampus AB,hypocampus.se,559072-5155,Branschsökning
Carina,Assia,Carina Joanna Björnklint Assia,CEO,ImBox Sweden AB,imbox.se,556918-0754,Branschsökning
Mattias,Norén,Mattias Tomas Norén,Board member,Addoro AB,addoro.com,556771-5957,Branschsökning
Jan,Häglund,Jan Berth Häglund,CEO,Modelon AB (publ),modelon.com,556672-3010,Branschsökning
Hans,Ottosson,Hans Christopher Ottosson,Board member,Twilio Sweden AB,twilio.com,556708-1731,Branschsökning
Nils,Mattsson,Nils Daniel Mattsson,CEO,Nortic AB,nortic.se,556608-9164,Branschsökning
Hamdija,Jusufagic,Hamdija Jusufagic,CEO,Codescene AB,codescene.com,559028-3270,Branschsökning
Max,Hjalmarsson,Max Stefan Rasmus Hjalmarsson,CEO,Airpelago AB,airpelago.com,559062-8177,Branschsökning
Malin,Konyi,Malin Johanna Konyi,CEO,SmartCraft Sweden AB,smartcraft.com,559014-2575,Branschsökning
Omar,Abdelmawla,Omar Abdelnasir Hassan Abdelmawla,Chairman,Metry AB,metry.io,556902-4804,Branschsökning
Charlotte,Sydow,Charlotte Margarita M I von Sydow,CEO,Årsredovisning Online Sverige AB,arsredovisning-online.se,556850-2610,Branschsökning
Hans,Jörbeck,Hans Andreas Jörbeck,CEO,Subtonomy AB,subtonomy.com,556892-0523,Branschsökning
Elliot,Miller,Elliot Foster Jordan Miller,Chairman,Flowplayer AB,flowplayer.com,556997-6789,Branschsökning
Sara,Kilian,Sara Marie Kilian,Chairman,Perforce Software AB,perforce.com,559102-5399,Branschsökning
Carl,Sandström,Carl Torsten Alexander Sandström,Board member,Skovik AB,skovik.com,556774-5863,Branschsökning
Björn,Engdahl,Björn Karl Martin Engdahl,CEO,Dbvis Software AB,dbvis.com,556591-6508,Branschsökning
Elvy,Väppling,Elvy Maria Väppling,CEO,adesso Sweden AB,adesso.ai,556654-8524,Branschsökning
Sebastian,Karlsson,Sebastian Björn Karlsson,CEO,Aunetic Sweden AB,aunetic.com,556898-2499,Branschsökning
Olof,Sandberg,Olof Martin Sandberg,Chairman,Assently AB,verified.eu,556828-8442,Branschsökning
Anders,Einarsson,Anders Fredrik Mikael Einarsson,CEO,Ongoing AB,ongoing.ai,559138-1834,Branschsökning
Alexandre,Fretti,Alexandre Fretti,Board member,Optimizers Nordic AB,orisha.com,556937-3557,Branschsökning
Erik,Bruhn,Erik Niklas Wilhelm Bruhn,CEO,Azena Sverige AB,azena.se,556567-8918,Branschsökning
Nils,Karlsson,Nils Helge George Karlsson,Chairman,Workorder Solutions Sverige AB,workorder.se,556654-1156,Branschsökning
Carl,Frithz,Carl Gustaf Hugoson Frithz,CEO,Metodika AB,metodika.com,556427-6300,Branschsökning
Carl,Green,Carl Michael Pontus Green,CEO,Muntra AB,muntra.ai,556935-2726,Branschsökning
Cyrus,Daneshmir,Cyrus Daneshmir,Board member,Entergate AB,entergate.se,556600-9089,Branschsökning
Daniel,Lundin,Daniel Lundin,CEO,inorigo AB,inorigo.com,559456-8908,Branschsökning
Karl,Waldemarson,Karl Gustav Hampus Waldemarson,CEO,Thea Commerce AB,theacommerce.com,556696-9019,Branschsökning
Sven,Sahlin,Sven Arvid Sahlin,CEO,Infodesk Sweden AB,infodesk.com,556559-6953,Branschsökning
Henrik,Madsen,Henrik Malling Madsen,CEO,Acubiz AB,acubiz.com,556560-0490,Branschsökning
Niilo,Fredrikson,Niilo Johannes Fredrikson,CEO,Matrix42 Sweden AB,matrix42.com,556688-5553,Branschsökning
Shiv,Vyas,Shiv Vyas,Chairman,Compusoft Sverige AB,compusoftgroup.com,556630-2799,Branschsökning
Thomas,Regier,Thomas Sebastian Thur Regier,Chairman,DPOrganizer AB,dporganizer.com,559018-1730,Branschsökning
Robert,Clay,Robert Peter Clay,Chairman,Voyagerr Scandinavia AB,voyagerr.com,556295-0443,Branschsökning
Lars,Eriksson,Lars Stefan Mattias Eriksson,CEO,NovaCast Systems AB,novacast.ai,556844-8244,Branschsökning
Lars,Elfgren,Lars Olof Mattias Elfgren,CEO,Tiego AB,tiego.com,556830-2599,Branschsökning
Lars,Selvehed,Lars Jörgen Rickard Selvehed,CEO,SelveTech Consulting AB,selvetech.se,559219-1125,Branschsökning
Jonas,Lindblom,Jonas William Lindblom,CEO,TooEasy AB,tooeasy.se,556950-4557,Branschsökning
Björn,Malmström,Björn Anders Malmström,CEO,Energy OptiCon Aktiebolag,energyopticon.com,556390-9471,Branschsökning
Joakim,Green,Joakim Anders Henrik Green,CEO,Proposales AB,proposales.com,559150-6075,Branschsökning
Mikael,Rhawi,Mikael Rhawi,Board member,Purspot AB,purspot.com,559207-0691,Branschsökning
Niklas,Wallsargård,Niklas Lars Johan Wallsargård,CEO,Improvin AB,improvin.com,559381-1879,Branschsökning
Håkan,Nilsson,Håkan Fredrik Nilsson,CEO,InfoTech Scandinavia AB,infotech.com:443,556575-5336,Branschsökning
Filip,Tröger,Filip Nils Göran Åslund Tröger,CEO,Flarie AB,flarie.com,556856-2747,Branschsökning
Erik,Myrlöv,Erik Olof Myrlöv,CEO,Bolageriet AB,bolageriet.se,559029-3881,Branschsökning
Johan,Made,Johan Robert Niklas Made,Board member,Wondr AB,wondr.cc,556880-9601,Branschsökning
Nikolaj,Bramsen,Nikolaj Holm Bramsen,CEO,Systematic Sweden AB,systematic.com,556542-1590,Branschsökning
Johan,Wiklander,Johan Oliver Christoffer Wiklander,CEO,Crystal Alarm AB,crystalalarm.com,556822-8034,Branschsökning
Magnus,Berglund,Magnus Lennart Viktor Berglund,CEO,The Honest Box of Sweden AB,honestbox.se,559208-0583,Branschsökning
Lennart,Johansson,Lennart Mattias Johansson,CEO,Syncify AB,syncify.se,556987-2905,Branschsökning
Carl,Hjort,Carl Adam Martin Hjort,CEO,Tidvis Sverige AB,tidvis.se,556905-5394,Branschsökning
Anna,Albinsson,Anna Albinsson,CEO,Gridly AB,gridly.com,559366-2991,Branschsökning
Olof,Törnqvist,Olof Anders Törnqvist,CEO,Triggerbee AB,triggerbee.com,556986-0850,Branschsökning
Frank,Schmidt,Frank Schmidt,Chairman,Onventis AB,onventis.se,556837-6700,Branschsökning
Peter,Madsen,Peter Christian Mægbæk Madsen,Chairman,Travel Operations Sweden AB,traveloperations.com,556587-5571,Branschsökning
Jenny,Spencer,Jenny Margareta Zin Zung Spencer,CEO,PartnerSec AB,partnersec.se,556513-7337,Branschsökning
Pontus,Edenberg,Pontus Ragnar Edenberg,CEO,Twingly AB,twingly.com,556697-0223,Branschsökning
Magnus,Lindgren,Magnus Nils Oskar Lindgren,CEO,NewSeed IT Solutions AB,newseed.se,556775-9963,Branschsökning
Lars,Olsson,Lars Gustaf Olsson,CEO,EasyCashier AB,easycashier.se,556957-0293,Branschsökning
Mia,Lekberg,Mia Cecilia Lekberg,CEO,Pricka AB,pricka.se,556979-6021,Branschsökning
Otto,Jonsson,Otto Rickard Jonsson,CEO,ELPROCAD AB,elprocad.com,559387-3556,Branschsökning
Olle,Hillström,Olle Alexander Hillström,CEO,Avassa Systems AB,avassa.io,559221-4596,Branschsökning
Björn,Kjellgren,Björn Jacob Kjellgren,CEO,Awaio AB,awaio.com,559257-9832,Branschsökning
Jyrki,Mannerblad,Jyrki Martti O Erkkilä Mannerblad,CEO,cadett AB,cadett.se,556657-0429,Branschsökning
Elin,Emanuelsson,Elin Maria Kristina Emanuelsson,CEO,Womni AB,womni.se,559278-6114,Branschsökning
Dag,Sundén-Cullberg,Dag Nicholas Alrik Sundén-Cullberg,CEO,Alrik Technologies AB,alrik.com,559371-2705,Branschsökning
Niklas,Istenes,Niklas David Janos Istenes,CEO,Bitwave AB,bitwave.io,556939-8117,Branschsökning
Per,Dahlbeck,Per Fredrik Dahlbeck,Chairman,Idkollen i Sverige AB,idkollen.se,559000-0948,Branschsökning
Ernst,Blomén,Ernst Karl Christian Blomén,Chairman,Hicore Systems AB,hicore.se,556357-7500,Branschsökning
Erik,Lidman,Erik Jonas Lidman,CEO,Aimplan AB,aimplan.com,559361-4380,Branschsökning
Mats,Lindgren,Mats Per Axel Lindgren,CEO,Dcipher Analytics AB,dcipheranalytics.com,559169-9268,Branschsökning
Mats,Andersson,Mats Dennis Åke Andersson,CEO,Briqpay AB,briqpay.com,559249-5336,Branschsökning
Josefin,Ahlberg,Josefin Veronica Ahlberg,CEO,Adderat i Sverige AB,adderat.se,556199-4632,Branschsökning
Ulf,Ivarsson,Ulf Gunnar Ivarsson,Chairman,Telldus Technologies AB,telldus.com,556757-6896,Branschsökning
Lars,Dahlbom,Lars Yngve Dahlbom,Chairman,Indicio Technologies AB,indicio.com,559007-9199,Branschsökning
Reuben,Steingraf-Regensburger,Reuben Steingraf-Regensburger,Chairman,Advalidation AB,advalidation.com,556832-1938,Branschsökning
Bertil,Winzenburg,Bertil Jörg Winzenburg,CEO,HandyDay AB,handyday.com,559188-4258,Branschsökning
Mimmi,Berg,Mimmi Evelina Berg,CEO,Trelson AB,trelson.com,559459-4649,Branschsökning
Karl,Kristiansson,Karl Filip Tomas Kristiansson,CEO,TRESSS AB,tresss.se,556360-3314,Branschsökning
Magnus,Hansson,Magnus Christer Tommy Hansson,CEO,BizLab Analytics AB,bizlabanalytics.se,559297-7762,Branschsökning
Moon-Suck,Song,Moon-Suck Song,Chairman,Mondido IT AB,mondido.com,559366-9913,Branschsökning
Håkan,Lindgren,Håkan Lindgren,CEO,MAPSIOT AB,mapsiot.com,556910-5223,Branschsökning
Sven,Grahn,Sven Joakim Grahn,Board member,BI Partner AB,bipartner.se,556746-8516,Branschsökning
Johnny,Haugsbakk,Johnny Ivar Haugsbakk,Board member,Metzum AB,metzum.no,559255-4132,Branschsökning
Björn,Åkesson,Björn Rickard Alexander Åkesson,CEO,Plug Software AB,plugsoftware.se,559229-6627,Branschsökning
Dean,Sagadin,Dean Anders Sagadin,CEO,Bluerange Sweden AB,bluerange.se,556533-2201,Branschsökning
Kjell,Forsberg,Kjell Jonas Forsberg,CEO,Controlkeeper AB,controlkeeper.com,559001-2752,Branschsökning
Alf,Larsson,Alf Peter Larsson,CEO,Express Retail Sverige AB,expressretail.se,559091-4114,Branschsökning
Pranav,Kosuri,Pranav Kosuri,CEO,Brandie Technologies AB,brandie.io,559058-6250,Branschsökning
Carl,Rynell,Carl Fredrik Rynell,CEO,Doccit AB,doccit.se,559122-2293,Branschsökning
Klas,Lindö,Klas Staffan Lindö,CEO,Yolean AB,yolean.com,556960-4159,Branschsökning
Carlo,Pompili,Carlo Pompili,CEO,Telcred AB,telcred.se,556782-4981,Branschsökning
Karl,Lindstedt,Karl Marcus Lindstedt,Chairman,GoBraap AB,gobraap.com,559376-5000,Branschsökning
Lars,Hammargården,Lars Fredrik Amréus Hammargården,CEO,Indivd AB,indivd.com,559169-7072,Branschsökning
Francesca,Smedberg,Francesca Maria Negri Smedberg,Chairman,Eivora AB,eivora.app,559240-6218,Branschsökning
Per,Emanuelsson,Per Hans Emanuelsson,CEO,Soundtrap Holding AB,soundtrap.com,559434-0498,Branschsökning
Lars,Lådö,Lars Marcus Lådö,Chairman,Twelve Football AB,twelve.football,559219-6777,Branschsökning
Anna,Åberg,Anna Gunilla Åberg,Chairman,Diffinder AB,diffinder.se,559160-7659,Branschsökning
Kenth,Hägerstrand,Kenth Mattias Hägerstrand,CEO,Proxio Systems AB,proxiosystems.com,556955-3257,Branschsökning
Henrik,Gemoll,Henrik Peter Michael Gemoll,CEO,Textual AB,textual.ai,556904-5452,Branschsökning
Karl,Olivin,Karl Bengt Andreas Olivin,Chairman,Xpendio AB,xpendio.se,559053-3922,Branschsökning
Lars,Svensson,Lars Rune Svensson,Chairman,AB Proplendo,proplendo.se,559354-6327,Branschsökning
Hans,Lilja,Hans Christian Cliff Lilja,CEO,Memlist AB,memlist.se,556970-8729,Branschsökning
Nils,Alm,Nils Viktor Alm,CEO,Labelf AB,labelf.ai,559305-6038,Branschsökning
Sohrab,Moradi,Sohrab William Moradi,CEO,Jahopp AB,jahopp.se,556975-0515,Branschsökning
Frans,Velander,Frans Jonas Velander,CEO,Extellio International AB,extellio.com,556555-1321,Branschsökning
Sven,Nilsson,Sven Robert Nilsson,CEO,Shine Digital Sweden AB,shinedigital.se,556600-4460,Branschsökning
Jon,Berglund,Jon Leontin Berglund,Chairman,Digmi Group AB,digmi.se,559276-9995,Branschsökning
Jan,Park,Jan Yong Jin Park,Board member,Sunbisoft AB,sunbisoft.com,559313-0254,Branschsökning
Mats,Ojala,Mats Jesper Sebastian Ojala,CEO,Northify AB,northify.com,559315-4494,Branschsökning
Dirk,Martin,Dirk K Martin,CEO,Serviceware AB,serviceware-se.com,559169-5407,Branschsökning
Artem,Los,Artem Los,CEO,Cryptolens AB,devolens.com,559116-1749,Branschsökning
Ulf,Blixt,Ulf Patric Alexander Blixt,CEO,Black Pear AB,blackpear.com,556676-3883,Branschsökning
Cem,Celepli,Cem Celepli,CEO,Allbry AB,allbry.se,559163-7920,Branschsökning
Robert,Åberg,Robert Peter Åberg,CEO,FocalPay Sweden AB,focalpay.se,559179-2527,Branschsökning
Gustaf,Anselmsson,Gustaf Ivar Anselmsson,CEO,Gokind AB,gokind.co,559226-0128,Branschsökning
Joel,Köhl,Joel Anders Olof Köhl,CEO,Intly AB,intly.se,559253-8820,Branschsökning
Pehr,Jörsmo,Pehr Zacharias Jörsmo,CEO,Techquity AB,techquity.se,559262-0529,Branschsökning
Jonas,Kac,Jonas Sarin Kac,CEO,SHFTRS AB,shftrs.com,559413-2861,Branschsökning
Fernando,Pessagno,Fernando Ignacio Pessagno,Chairman,aiCarousels AB,aicarousels.com,559500-7005,Branschsökning
Jonas,Jonsson,Jonas Emanuel Jonsson,Board member,fatbrain AB,fatbrain.ai,559037-0382,Branschsökning
Rikard,Lagerman,Rikard Robert Lagerman,CEO,WeBringCode AB,webringcode.com,559388-3969,Branschsökning
Sara,Thelin,Sara Elin Thelin,CEO,Primass AB,primass.se,556740-6300,Branschsökning
Hök,Östling,Hök Victor Robert Östling,CEO,Workly AB,worklygroup.com,556400-1625,Branschsökning
Fredrik,Söderblom,Fredrik Ola Nathan Söderblom,Chairman,AB StoredSafe,storedsafe.com,556854-0834,Branschsökning
Abdinasir,Osman,Abdinasir Ali Osman,CEO,Logiplan AB,logiplan.se,559149-5360,Branschsökning
Peter,Hallingström,Peter Andreas Hallingström,CEO,Cappy AB,cappy.se,559267-1357,Branschsökning
Johan,Kallblad,Johan Olof Kallblad,CEO,Upsales Technology AB,upsales.se,559060-1372,Branschsökning
Pontus,Björnsson,Pontus Jan-Erik Björnsson,Chairman,Metered AB,metered.ai,559211-8912,Branschsökning
Ömer,Muameleci,Ömer Muameleci,Chairman,Swapi AB - Webbyrå i Borås & Göteborg,swapi.se,559051-5002,Branschsökning
Rune,Rosell,Rune Magnus Landén Rosell,Chairman,Knowyn AB,knowyn.se,559300-2446,Branschsökning
Fredrik,Widfeldt,Fredrik Helmer Widfeldt,Board member,Intellicharge AB,intellicharge.ai,559412-8075,Branschsökning
Kent,Lans,Kent Göran Fredrik Lans,CEO,Kycio AB,kycio.app,559290-1416,Branschsökning
Daniel,Sällberg,Daniel Fredrik Sällberg,CEO,GDPR Hero AB,gdprhero.se,559088-5116,Branschsökning
Johan,Sverin,Johan Lars Sverin,Board member,Procensor AB,procensor.se,556688-4093,Branschsökning
José,Gonzalez,José Federico J H Rufo Gonzalez,CEO,Paqtify AB,paqtify.com,559206-4736,Branschsökning
Lars,Johansson,Lars Inge Vilhelm Johansson,CEO,Repostor AB,repostor.com,556788-1775,Branschsökning
Charlotte,Ljungblad,Charlotte Margareta Ljungblad,CEO,Planter Norden AB,planter.se,559351-3418,Branschsökning
Eva-Lotta,Andrews,Eva-Lotta Maria Andrews,Chairman,Set Connect AB,setconnect.se,556606-5115,Branschsökning
Henrik,Hellbe,Henrik Anton Axel Hellbe,CEO,Nightli AB,nightli.se,559216-5715,Branschsökning
Michael,Bergman,Michael Anders Bergman,CEO,Simutek Aktiebolag,simutek.se,556192-5024,Branschsökning
Olexiy,Poltavets',Olexiy Poltavets',CEO,CloudOffice AB,cloudoffice.se,559054-3830,Branschsökning
Mikael,Eckard,Mikael Björn Erik Eckard,Board member,Exagard AB,exagard.com,559202-0308,Branschsökning
Nils,Estensson,Nils Olof Niklas Estensson,CEO,Finance Lab AB,financelab.se,559476-2477,Branschsökning
Sara,Landfors,Sara Olivia Landfors,CEO,Normain AB,normain.com,559464-9526,Branschsökning
Glenn,Bilby,Glenn Evan Bilby,Chairman,Qinematic AB,qinematic.com,556890-1903,Branschsökning
Carl,Enerstrand,Carl Simon Enerstrand,CEO,Winvoice AB,winvoice.se,559326-4996,Branschsökning
Thomas,Strömne,Thomas Strömne,Board member,Swiftly AB,swiftly.com,556908-2034,Branschsökning
Tommy,Larsson,Tommy Veeravudhi Larsson,Board member,Synlig Lokalt AB,synliglokalt.se,556757-7126,Branschsökning
Jan,Gabrielsson,Jan Anders Gabrielsson,CEO,Jobbile AB,jobbile.com,556965-5680,Branschsökning
Johan,Hjort,Johan Eric Larsson Hjort,Board member,Qability AB,qability.com,556831-3711,Branschsökning
Carl,Hasselström,Carl Åke Lennart Hasselström,CEO,Fair Innovation AB,fair-innovation.com,559330-5328,Branschsökning
Rebecca,Lagerkvist,Rebecca Fredrika C Lagerkvist,CEO,Rebla AB,rebla.se,556859-6737,Branschsökning
Carl,Murray,Carl Christian Urban Murray,Chairman,Reduca AB,reduca.se,556931-0138,Branschsökning
Mats,Johansson,Mats André Johansson,CEO,Rduce Complexity AB,rduce.net,559196-2120,Branschsökning
Alexander,Olsson,Alexander Ola Olsson,CEO,Strifast AB,strifast.se,559375-8922,Branschsökning
Ulla,Sivander,Ulla Katarina Sivander,CEO,Xplir AB,xplir.com,559293-2361,Branschsökning
Jonas,Linde,Jonas Nils Åke Linde,Board member,WevIT AB,wevit.ai,559454-4685,Branschsökning
Oskar,Svärd,Oskar Kjell Fredrik Svärd,CEO,Resly AB,resly.se,559266-6563,Branschsökning
Johan,Nyman,Johan Mattias Nyman,Board member,Eonic Labs AB,eoniclabs.com,559197-7698,Branschsökning
Isabelle,Funck,Isabelle Eva Jenny Funck,CEO,Shiftic AB,shiftic.com,559451-2666,Branschsökning
Johan,Bäckström,Johan Richard Bäckström,Chairman,Sellfinity AB,sellfinity.se,559413-6284,Branschsökning
Stefan,Hvalgren,Stefan Erik Alexander Hvalgren,CEO,Fixkod AB,fixkod.se,559462-7241,Branschsökning
Stefan,Wallin,Stefan Krister Wallin,Board member,Walue AB,walue.io,559240-1862,Branschsökning
John,Andersson,John Douglas Andersson,CEO,Pocketsafe Technology AB,pocketsafe.se,559233-9583,Branschsökning
Sukesh,Tedla,Sukesh Kumar Tedla,CEO,Kryptoskatt AB,kryptoskatt.se,559260-7724,Branschsökning
Pelle,Johansson,Pelle Johansson,Board member,Exeqo AB,exeqo.se,559372-8297,Branschsökning
Staffan,Eriksson,Staffan Tobias Eriksson,CEO,Semita Systems Aktiebolag,semita.app,556553-7791,Branschsökning
Rolf,Nilsson,Rolf Jonas Nilsson,Board member,DoCuro Systems Aktiebolag,docuro.se,556289-1712,Branschsökning
Seyit,Ivhed,Seyit Çaglar Ivhed,Board member,Outlean AB,outlean.ai,559389-6235,Branschsökning
Finn,Starvid,Finn Jesper Starvid,Board member,Aedificon AB,aedificon.ai,559157-8587,Branschsökning
Tomas,Nielsen,Tomas Dalgaard Nielsen,CEO,Tuned Solutions of Sweden AB,tunedhq.io,556795-0232,Branschsökning
Mats,Quist,Mats David Eveborn Quist,Board member,Escaply AB,escaply.com,559443-9803,Branschsökning
Jimmy,Berthag,Jimmy Anders Jonathan Berthag,Board member,Wavebreaker Systems AB,wavebreaker.se,559037-5126,Branschsökning
Marcus,Nilsson,Marcus Alexander Roger Nilsson,Board member,Pataholm System AB,pataholmsystem.se,559347-4280,Branschsökning
Kjell,Urbach,Kjell Olof Daniel Urbach,CEO,KOD 73 AB,kod73.se,559057-0940,Branschsökning
Puyan,Hormatipour,Puyan Hormatipour,Chairman,Leedflow Technology AB,leedflow.io,559491-1660,Branschsökning
Daniel,Artursson,Daniel Edward Artursson,CEO,Xcerion Aktiebolag,xcerion.com,556624-6921,Branschsökning
Eun-zu,Lange,Eun-zu Sara Christina Lange,CEO,PREQUALIQ AB,prequaliq.com,559384-6958,Branschsökning
Weihang,Chen,Weihang Chen,Board member,BitStash AB,about.bitstash.tech,559404-2334,Branschsökning
Bengt,Gustavsson,Bengt Daniel Gustavsson,Board member,Chrono X AB,chronox.se,559312-0149,Branschsökning
Per,Palopää,Per Staffan Palopää,CEO,Qlerify AB,qlerify.com,559226-6794,Branschsökning
Eva,Vernersson,Eva Maria Margareta Vernersson,CEO,Pulsanalys AB,pulsanalys.se,556600-3868,Branschsökning
John,Cabreus,John Philip Cabreus,CEO,Atlas Well AB,atlaswell.co,559442-3567,Branschsökning
Carl,Wahlund,Carl Mårten Wahlund,Board member,Leanbyte AB,leanbyte.se,559070-3111,Branschsökning
Carl,Nyman,Carl Mattias Nyman,Chairman,Relaxad Group AB,relaxad.com,559255-8273,Branschsökning
Marco,Lischnewski,Marco Lischnewski,Board member,WHYHOY AB,whyhoy.com,559117-6903,Branschsökning
Daniel,Putz,Daniel Robert Putz,CEO,Delori AB,delori.io,559258-6696,Branschsökning
Hans-Inge,Niklasson,Hans-Inge Daniel Niklasson,Board member,BOOST Solutions AB,boostsolutions.com,559173-1236,Branschsökning
Gustav,Thuresson,Gustav Rickard Thuresson,Board member,BerryTrack AB,berrytrack.app,559314-2200,Branschsökning
Bernt,Kristensson,Bernt Inge Mikael Kristensson,Board member,Optisol AB,optisolbusiness.com,556546-6751,Branschsökning
Karl,Söderberg,Karl Philip Söderberg,Board member,Mobilize Consulting AB,forj.ai,556721-2112,Branschsökning
Hanna,Falk,Hanna Mathilda Sofia Falk,CEO,Cruitive AB,cruitive.com,559166-2159,Branschsökning
Matthew,Falco,Matthew Stephen Falco,Board member,Falco Consulting AB,falco.org,559484-4838,Branschsökning
Anders,Edfors,Anders Niklas Olsson Edfors,CEO,Raptool AB,raptool.com,556886-0901,Branschsökning
Peter,Bunus,Peter Bunus,CEO,Cystellar Nordic AB,cystellar.com,559116-6177,Branschsökning
Henrietta,Roslund,Henrietta Roslund,CEO,MOXSEA AB,moxsea.com,559410-6881,Branschsökning
Tobias,Engelbrektsson,Tobias Daniel Engelbrektsson,CEO,Jobbs AB,jobbs.se,559378-9083,Branschsökning
Claus,Thorsgaard,Claus Thorsgaard,Board member,Aceve Sverige AB,rekyl.nu,556944-2501,Fortnox-partner
Patrik,Lindkvist,Patrik Karl-Johan Lindkvist,Board member,Adpin AB,adpin.se,559218-4930,Fortnox-partner
Pia,Brandt,Pia Ingela Annette Brandt,CEO,Akita Software AB,dolittle.nu,559297-5881,Fortnox-partner
Johan,Lundin,Johan Karl Erik Lundin,CEO,Alf Software AB,agendo.io,559017-9478,Fortnox-partner
Adam,Älgamo,Adam Anders Olof Älgamo,Board member,Älgamo Software AB,algamo.se,559579-6987,Fortnox-partner
Lars,Aronsson,Lars Robert Aronsson,Chairman,AMR Intelligence Sweden AB,byra.novusmcp.se,559590-8517,Fortnox-partner
C,Kvidén,C S Sebastian Bergström Kvidén,CEO,Applitron Datasystem Aktiebolag,appli.se,556226-4001,Fortnox-partner
Lars,Nordkvist,Lars Anders Nordkvist,CEO,Asteria AB,asteria.ai,556990-0888,Fortnox-partner
Marcel,Wong,Marcel Rui-Zhong Wong,CEO,ATD applications AB,lagerkoll.com,556864-8330,Fortnox-partner
Natasha,Asimiadis,Natasha Annie Asimiadis,CEO,Bauger AB,bauger.se,559256-0402,Fortnox-partner
Ravi,Bhardwaj,Ravi Bhardwaj,CEO,Bird Vision AB,bokningoschema.se,559013-9159,Fortnox-partner
Tomas,Jakobsson,Tomas Fredrik Jakobsson,CEO,Bizzjoiner AB,bizzjoiner.com,556995-1170,Fortnox-partner
Mattias,Duvaldt,Mattias Mikael Duvaldt,CEO,Bokdata Norden AB,bokdata.se,556842-9848,Fortnox-partner
Daniel,Nilsson,Daniel Ingemar Nilsson,CEO,BookSpot AB,bookspot.io,559241-7819,Fortnox-partner
Jakob,Sjöberg,Jakob Gustav Sjöberg,CEO,Bosbec AB,bosbec.com,556663-2237,Fortnox-partner
Lode,Bogaert,Lode Jan J. Bogaert,Chairman,BrightAnalytics Nordics AB,brightanalytics.se,559239-3218,Fortnox-partner
Hans,Elg,Hans Magnus Elg,Chairman,BT Analytics AB,benchtell.com,559465-2710,Fortnox-partner
Karl-Göran,Ljus,Karl-Göran Ljus,CEO,Byggdagboken i Sverige AB,byggdagboken.se,556745-3112,Fortnox-partner
John,Karlsson,John Robert Karlsson,Chairman,Cashit Sweden AB,cash-it.se,559493-5552,Fortnox-partner
Anders,Nielsen,Anders Nielsen,CEO,Cloud Factory AB,cloudfactorygroup.com,559356-0369,Fortnox-partner
Andreas,Naaman,Andreas Issa Naaman,Chairman,Comminova AB,comminova.se,559439-2515,Fortnox-partner
Eric,Rådh,Eric Christian Rådh,CEO,Compilator AB,compilator.com,556548-9555,Fortnox-partner
Oscar,Gillberg,Oscar Christoffer Gillberg,Board member,Comreact AB,comreact.com,559296-4687,Fortnox-partner
Kent,Bengtsson,Kent Anders Gustav Bengtsson,CEO,Conrab OPTO AB,conrab.se,556814-2961,Fortnox-partner
Per,Egeryd,Per Erland Egeryd,Chairman,CONTRL AB,contrl.se,559261-9042,Fortnox-partner
Marcus,Egstam,Marcus Nils Alexander Egstam,Chairman,CorSoft Development AB,brikkz.se,559295-1569,Fortnox-partner
Karl,Bäckström,Karl Axel Bäckström,CEO,CRMdata i Sverige AB,crmdata.se,559255-7929,Fortnox-partner
Siamak,Ayani,Siamak Ayani,CEO,Daana AB,eiko.se,559093-5671,Fortnox-partner
Mattias,Korpelainen,Mattias Chatchapon Korpelainen,Board member,Dapper Group AB,venero.se,559092-6282,Fortnox-partner
Dick,Videkull,Dick Gunnar Ronny Videkull,Board member,dgro AB,aboo.se,559446-3688,Fortnox-partner
Staffan,Edström,Staffan Fredrik Gunnar Edström,CEO,ED5 AB,sheety.se,559276-4681,Fortnox-partner
Ulf,Edenholm,Ulf Mattias Edenholm,CEO,Effektify Platform AB,effektify.com,559419-1776,Fortnox-partner
David,Shubeli,David Jon Shubeli,CEO,Enhanza AB,enhanza.com,556834-1753,Fortnox-partner
Filip,Andersson,Filip Karl Niclas Andersson,Chairman,Enkla XYZ AB,enklafastigheter.se,559390-9574,Fortnox-partner
Claes-Magnus,Alestam,Claes-Magnus Joachim Alestam,CEO,ESYNERGETICS AB,esyn.se,559151-1554,Fortnox-partner
Björn,Nodby,Björn Tommy Nodby,CEO,Evity AB,evity.hr,559295-3102,Fortnox-partner
Kevin,Lindmark,Kevin Lars Lindmark,Board member,FAA Solutions AB,e-revisor.se,556892-1786,Fortnox-partner
Johan,Gyllenpil,Johan Ingvar Gyllenpil,CEO,Fantastec AB,kronostime.pro,559179-7260,Fortnox-partner
Chomwa,Shikati,Chomwa Shikati,CEO,FigureFlow AB,figureflow.app,559426-9499,Fortnox-partner
Patrick,Olsson,Patrick Olof Olsson,CEO,Findity AB,findity.com,556838-8200,Fortnox-partner
Salman,Eskandari,Salman Eskandari,CEO,Fintower AB,fintower.ai,559468-3913,Fortnox-partner
Ulf,Boström,Ulf Karl Andreas Boström,CEO,Fluit System AB,fluit.se,559421-4909,Fortnox-partner
Hans,Ekström,Hans Joakim Ekström,CEO,Fraktjakt AB,fraktjakt.se,556751-9011,Fortnox-partner
Jan,Kniving,Jan Magnus Kniving,Board member,FunnelBud Marketing AB,funnelbud.com,559011-8294,Fortnox-partner
Rolf,Zimmerman,Rolf Martin Andreas Zimmerman,Board member,Get a Newsletter Scandinavia AB,getanewsletter.com,556831-5765,Fortnox-partner
Karl,Nilvér,Karl Gustav Nilvér,CEO,GoClimate Sweden AB,goclimate.com,559130-6583,Fortnox-partner
Carl,Väliharju,Carl Kristoffer Väliharju,CEO,GoldPen Computing Aktiebolag,om.tickra.se,556458-6237,Fortnox-partner
Viktor,Westberg,Viktor Emil Westberg,CEO,Göta IT AB,gotait.se,559496-3125,Fortnox-partner
Annelie,Forsberg,Annelie Maria Forsberg,CEO,Greenstep Sverige AB,bezala.com,556683-9717,Fortnox-partner
Vishal,Ganatra,Vishal Ganatra,CEO,Gung AB,gung.se,559004-0993,Fortnox-partner
Nils,Jakobson,Nils Henrik Jakobson,CEO,Hailey HR AB,haileyhr.com,559461-3704,Fortnox-partner
Per,Lundgren,Per Andreas Lundgren,CEO,HDBsystem AB,hdbsystem.se,556889-8729,Fortnox-partner
Christer,Lindberg,Christer Alf Lindberg,Board member,Hogia Fastighetssystem Aktiebolag,hogia.se,556562-7923,Fortnox-partner
Christer,Lindberg,Christer Alf Lindberg,Board member,Hogia Performance Management AB,hogia.se,559368-8590,Fortnox-partner
Hjalmar,Nyberg,Hjalmar Love Billingskog Nyberg,Chairman,Hugo & Friends AB,rekly.se,559555-9989,Fortnox-partner
Hans,Fogbring,Hans Carl Simon Fogbring,Chairman,Hyrma AB,infobric.com,556793-4327,Fortnox-partner
Peder,Pernvik,Peder Tobias Sigvard Pernvik,CEO,Improfy Systems AB,improfy.com,556600-1110,Fortnox-partner
Henrik,Hagdorn,Henrik Marcus Hagdorn,Chairman,Jobbon AB,jobbon.se,559593-4851,Fortnox-partner
Per,Idstam,Per Johan Skogfeldt Idstam,CEO,JSI Skattekonto AB,skv2fnx.se,559323-5533,Fortnox-partner
Samir,El-Sabini,Samir Mattias El-Sabini,CEO,Juni Technology AB,juni.co,559248-0908,Fortnox-partner
Thim,Kristoffersson,Thim Joakim Kristoffersson,Chairman,KodAkuten AB,synkaplus.se,559212-8127,Fortnox-partner
Nils,Stenberg,Nils William Stenberg,CEO,LABS beyond AB,passly.se,559517-3294,Fortnox-partner
Karl,Rytterling,Karl Gunnar Rytterling,CEO,Lesslie Technologies AB,lesslie.se,559172-0767,Fortnox-partner
Nils,Krusenstråhle,Nils Victor Alexander Krusenstråhle,Board member,Linkbase AB,linkbase.se,559259-0250,Fortnox-partner
Pamela,Olsson,Pamela Shalini Olsson,Board member,Linklab AB,linklab.se,559497-1359,Fortnox-partner
Fadi,Georges,Fadi Jakob Georges,Board member,LogiCash AB,logicash.se,556839-4224,Fortnox-partner
Atif,Mehmood,Atif Mehmood,Board member,LT Olssons Taxi AB,datataxi.se,556658-0675,Fortnox-partner
Jakob,Rylander,Jakob Markus Rylander,CEO,LTRHDN AB,digitalk2.se,559603-3596,Fortnox-partner
Axel,Bukowski,Axel Arne Casimir Bukowski,CEO,Madden Analytics AB,maddenanalytics.com,559258-4998,Fortnox-partner
Rolf,Clausson,Rolf Ingvar Martin Clausson,CEO,Mallverkstan i Lund Aktiebolag,mallverkstan.se,556478-5268,Fortnox-partner
Dan,Ekros,Dan Tobias Ekros,CEO,Medhelp Care Aktiebolag (publ),medhelp.se,556583-0691,Fortnox-partner
Ali,Al-Saqr,Ali Rudha Naji Sadik Al-Saqr,Board member,Media53 AB,business.bokin.se,559513-4908,Fortnox-partner
James,Lucier,James Arthur Lucier,Chairman,Medius Sverige AB,medius.com,556820-2765,Fortnox-partner
Hedvig,Mejstedt,Hedvig Amanda Olivia Mejstedt,Board member,Mejstedt Folkesson Utveckling AB,klementin.app,559569-7953,Fortnox-partner
John,Syrén,John Erik Syrén,Board member,Milient Software AB,milientsoftware.com,556590-2995,Fortnox-partner
Erik,Norén,Erik Kristoffer Norén,CEO,Minabolag Sverige AB,minabolag.se,559516-0481,Fortnox-partner
Casper,Nielsen,Casper Hassø Nielsen,CEO,Minuba AB,minuba.se,559114-7243,Fortnox-partner
Fredrik,Sikén,Fredrik Johan Christoffer Sikén,CEO,Moniio AB,moniio.se,559321-3605,Fortnox-partner
Meiju,Vartiainen,Meiju Marjaana Vartiainen,CEO,Mowida AB,mowida.se,559098-4042,Fortnox-partner
Lars,Andersson,Lars Martin Fredrik Andersson,Board member,MultiNet Interactive AB,eduadmin.com,556272-2594,Fortnox-partner
Anna,Gomes,Anna Karin Cecilia Ferreira Gomes,CEO,MVP software AB,projektportalen.se,559013-1198,Fortnox-partner
Stefan,Hjelm,Stefan Nils Lennart Hjelm,Chairman,MyClub AB,myclub.se,556981-3966,Fortnox-partner
Fredrik,Sahlin,Fredrik Olof Baltsar Sahlin,CEO,Mynt AB,mynt.com,559100-8874,Fortnox-partner
Attila,Legindi,Attila Adam Legindi,Board member,Next Level Partners AB,qalkylera.se,559538-2556,Fortnox-partner
Michiel,Chevalier,Michiel Chevalier,Board member,Nmbrs Sweden AB,appstore.nmbrs.se,556976-8764,Fortnox-partner
Joakim,Brandt,Joakim Göran Bertil Brandt,CEO,Nodaro Technologies AB,weavio.se,559582-4813,Fortnox-partner
Marcus,Thell,Marcus Åke Nicklas Thell,Board member,Noia Intelligence AB,noia.se,559562-2613,Fortnox-partner
Assim,Hammouti,Assim El Hammouti,Board member,Nordbeam AB,nordsynk.se,559434-4201,Fortnox-partner
Mikael,Dahlholm,Mikael Helmertz Dahlholm,CEO,Nyehandel Sverige AB,nyehandel.se,559241-2075,Fortnox-partner
Nils,Dorbell,Nils Robin Dorbell,CEO,OO Software AB,serviceprotokoll.se,556966-3973,Fortnox-partner
Edgar,Zubkov,Edgar Zubkov,CEO,Opero Systems AB,opero.se,559604-9501,Fortnox-partner
Scott,Reed,Scott Christopher Reed,CEO,Otisco AB,otisco.se,556762-6089,Fortnox-partner
Alexander,Persson,Alexander Persson,Board member,Overjet AB,arsredovisn.ing,559255-1146,Fortnox-partner
Armend,Hajdaraj,Armend Hajdaraj,Board member,PA utveckling AB,maxpa.se,559597-6670,Fortnox-partner
Pedro,Passinhas,Pedro Edgar Passinhas,Board member,Passinhas Group AB,sousai.se,559264-5773,Fortnox-partner
Mikael,Claesson,Mikael Gösta Emanuel Claesson,Chairman,Pensure AB,pensure.se,559114-1865,Fortnox-partner
Alexander,Olsson,Alexander Ola Olsson,CEO,Pigello AB,pigello.se,559206-6368,Fortnox-partner
Martin,Forsmark,Martin Olof Forsmark,Board member,Pinteg Compliance Center AB,fairity.io,559516-0960,Fortnox-partner
Lukas,Herou,Lukas Alexander Herou,CEO,Preauditor Sweden AB,preauditor.se,556520-7536,Fortnox-partner
Per,Westerberg,Per Daniel Westerberg,Chairman,Prestaworks AB,storeborn.com,556786-1561,Fortnox-partner
Björn,Burman,Björn Patrick Burman,Chairman,Prime Penguin AB,bitly.com,559062-5264,Fortnox-partner
Nils,Becklin,Nils Erik Andreas Becklin,Board member,Procedural Creation Sweden AB,prisalo.se,559166-2308,Fortnox-partner
Lars,Persson,Lars Joakim Persson,Chairman,Project Office Systems Scandinavia AB,projectoffice.se,556763-7573,Fortnox-partner
Ida,Reinvalds,Ida Maria Reinvalds,CEO,Propida Solutions AB,propida.se,559186-5448,Fortnox-partner
Carl,Gärdsell,Carl Johan Olof Gärdsell,CEO,Ragnaros AB,divly.com,559322-7530,Fortnox-partner
Ruben,Gonzalez,Ruben Dario Villegas Gonzalez,Board member,RE Elektromarknad AB,rapportskollen.com,559002-0490,Fortnox-partner
Erik,Basilius,Erik Axel Tobias Basilius,CEO,Reco Sverige AB,reco.se,556733-0971,Fortnox-partner
Ulf,Cato,Ulf Austin Cato,Chairman,Recruto AB,recruto.se,556648-7517,Fortnox-partner
Jenny,Edfast,Jenny Sofia Edfast,CEO,Rejlers Sverige AB,tryggoffert.se,556051-0272,Fortnox-partner
Per,Holst,Per Ingvar Holst,Chairman,Resultify AB,resultify.se,556559-2101,Fortnox-partner
Oscar,Berglund,Oscar Johan Berglund,Board member,Reverendus Aktiebolag,exupp.se,559165-6490,Fortnox-partner
Bengt,Sousa,Bengt Daniel Oliveira De Sousa,CEO,Rillion One AB,rillion.com,556698-6450,Fortnox-partner
Tove,Wirfelt,Tove Fredrika Magdalena Wirfelt,CEO,Roughly right Aktiebolag,roughlyright.com,556912-2871,Fortnox-partner
Milad,Pouyanmehr,Milad Pouyanmehr,CEO,Rumblestrip AB,bettertruckin.tech,556972-8370,Fortnox-partner
Henrik,Andersson,Henrik Christoffer Andersson,CEO,Sell-o AB,sello.io,556852-2832,Fortnox-partner
Tommy,Hellström,Tommy Olof Hellström,Board member,Seven Time AB,seventime.se,556596-0753,Fortnox-partner
Theodor,Bedin,Theodor P M Da Silva Bedin,CEO,Skillboost Europe AB,skillboost.io,559291-8667,Fortnox-partner
Peter,Liljeholm,Peter Joakim Liljeholm,CEO,Solute Technologies Aktiebolag,hantverksappen.se,556565-9140,Fortnox-partner
Linda,Nevrén,Linda Angelica Nevrén,CEO,Sportboss AB,businessboard.se,559195-8151,Fortnox-partner
Alexander,Ross,Alexander Gustav Tomas Ross,CEO,Standout AB,standout.se,556730-0073,Fortnox-partner
Jesper,Jannesson,Jesper Arne E Törnqvist Jannesson,CEO,Stockfiller AB,stockfiller.com,559003-1554,Fortnox-partner
Fredrik,Unge,Fredrik Emanuel Unge,Board member,Stockholm Bridge AB,saldokit.se,559390-6067,Fortnox-partner
Jan,Andersson,Jan Stefan Reine Andersson,CEO,StreetCoin AB,streetcoin.se,556962-7580,Fortnox-partner
Hans,Sjöholm,Hans Anton Sjöholm,CEO,Strukturant AB,strukturant.se,559500-8532,Fortnox-partner
Johan,Stål,Johan Ola Stål,CEO,Substly AB,substly.com,559123-5303,Fortnox-partner
Jakob,Olander,Jakob Nils Henrik Esaias Olander,CEO,Svensk Dataförvaltning AB,sdfab.se,556303-2498,Fortnox-partner
Mehrbod,Pour,Mehrbod Nikbakhsh Saberi Pour,CEO,Swepearl AB,swepearl.com,559342-5720,Fortnox-partner
Gabi,Garabedian,Gabi Garabedian,CEO,SWESS AB,swess.se,556957-3214,Fortnox-partner
Mark,Samuel,Mark Antony Samuel,CEO,Talex AB,talex.se,556711-5844,Fortnox-partner
Kristoffer,Gustafsson,Kristoffer Gustafsson,Chairman,Teamhub AB,goteamhub.com,556978-5420,Fortnox-partner
Max,Lindroth,Max Jonatan Lindroth,CEO,Tecta AB,tecta.se,559229-2584,Fortnox-partner
Arnstein,Njåstad,Arnstein Njåstad,Board member,TelMe AB,telme.se,556691-4130,Fortnox-partner
Fayez,Samra,Fayez Abou Samra,Board member,Telton AB,unite.telton.se,559266-7090,Fortnox-partner
Sven,Zetterberg,Sven Carl Zetterberg,CEO,Tic-Tac Mobile AB,tictacmobile.se,556321-5838,Fortnox-partner
Nils,Widmark,Nils Gustav Widmark,CEO,Tidio AB,tidio.se,559454-5013,Fortnox-partner
Karl-Henrik,Munk,Karl-Henrik Bert Johansson Munk,CEO,Timecheck AB,timetjek.com,559130-0784,Fortnox-partner
Per-Henrik,Nielsen,Per-Henrik Ole Nielsen,CEO,Timelog Filial i Sverige,timelog.com,516408-2793,Fortnox-partner
Ken,Engström,Ken Daniel Nguyen Engström,CEO,TimeZynk AB,timezynk.com,556799-7753,Fortnox-partner
Adrian,Rosca,Adrian Dan Rosca,CEO,Tiny Cloud AB,bidrik.com,556925-1324,Fortnox-partner
Pierre,Nordström,Pierre Olov Nordström,CEO,TradeMatch Sverige AB,tradematch.com,559390-5283,Fortnox-partner
Britt-Marie,Nilsson,Britt-Marie Karin Nilsson,Board member,Tremnes Utveckling AB,atlasnest.com,559119-9053,Fortnox-partner
Daniel,Grünbaum,Daniel Grünbaum,CEO,True Fiction Production AB,avtalsbevakning.se,556827-0614,Fortnox-partner
Bror,Bark,Bror Gunnar Bark,Board member,Tydla AB,tydla.se,559530-3057,Fortnox-partner
Carl,Fagerström,Carl Jonas Fagerström,CEO,Visionera Aktiebolag,visionflow.se,556609-6672,Fortnox-partner
Karl,Landfors,Karl Adam Ben-Niklas Landfors,CEO,Visma SmartDok AB,smartdok.se,556940-2323,Fortnox-partner
Richard,Gustavsson,Richard Peter Gustavsson,CEO,Vivi Care AB,sv.vivi.care,559493-5305,Fortnox-partner
Mattias,Weerasooriya,Mattias Edgar Robin Weerasooriya,CEO,Wellfish AB,wellfish.se,559369-1891,Fortnox-partner
Karlis,Rode,Karlis Rode,Chairman,Wetail AB,wetail.io,559124-3588,Fortnox-partner
Max,Johansson,Max André Johansson,CEO,whippsa AB,whippsa.se,559480-1705,Fortnox-partner
Sara,Schill,Sara Magdalena Schill,CEO,Winassist System Aktiebolag,winassist.se,556570-6073,Fortnox-partner
Noel,Thedeby,Noel Erik Thedeby,CEO,Workflow Labs AB,sikto.se,559584-1726,Fortnox-partner
Venugash,Gopalaratnasingam,Venugash Gopalaratnasingam,CEO,Zedek AI AB,zorah.zedek.ai,559541-5737,Fortnox-partner
Jan,Rebane,Jan Mathias Rebane,Chairman,Zendr AB,zendr.se,556977-4473,Fortnox-partner
Kent,Hansson,Kent Sivert Hansson,Chairman,Zenny AB,zenny.ai,559501-2237,Fortnox-partner
Bennie,Forss,Bennie Forss,Board member,Zenta AB,zenta.se,556835-6850,Fortnox-partner
Stig,Ekström,Stig Gösta Ekström,Board member,Zynatic AB,zynatic.se,556831-5484,Fortnox-partner
Sten,Hedblom,Sten Fredrik Hedblom,CEO,Inretrn AB,inretrn.com,559015-6336,Spiris/marknadsplats
Görel,Lundgren,Görel Kristina Katrin Lundgren,CEO,Kodmyran AB,kodmyran.se,556767-4881,Spiris/marknadsplats
Kurt,Nedrén,Kurt Niklas Nedrén,CEO,RS Count Scandinavia AB,rscount.se,556658-3778,Spiris/marknadsplats
Sophie,Chalençon,Sophie Yvette Chalençon,CEO,Tectry software AB,yayloh.com,559225-3180,Spiris/marknadsplats
Henrik,Sellehed,Henrik Jan Erik Sellehed,CEO,TrueBOOKING AB,truebooking.se,559287-6600,Spiris/marknadsplats
Sten,Dinkelspiel,Sten Peder Max Dinkelspiel,CEO,BokaBord Nordic AB,waiteraid.com,556777-6918,Spiris/marknadsplats
Sven,Skoogh,Sven Adam Christofer Skoogh,CEO,Ancon Aktiebolag,ancon.io,556257-3039,Spiris/marknadsplats
Björn,Törnqvist,Björn Gunnar Törnqvist,CEO,Happy Order AB,happyorder.io,559112-7906,Spiris/marknadsplats
Hjalmar,Nordegren,Hjalmar Max G Ståhlberg Nordegren,CEO,Karmalicious AB,karma.life,559020-0050,Spiris/marknadsplats
Maite,Martin,Maite Carrero Martin,CEO,Microdeb AB,microdeb.se,556566-1856,Spiris/marknadsplats
Julie,Chatterjee,Julie Mona Chatterjee,CEO,Northmill Bank AB,northmill.com,556709-4866,Spiris/marknadsplats
John,Rasmussen,John Daniel Rasmussen,CEO,Onslip Cloud AB,onslip.com,559118-1200,Spiris/marknadsplats
R,Gyllenwaldt,R Christian A Gyllenwaldt,CEO,OPEN POS Sweden AB,openpos.tech,556328-9577,Spiris/marknadsplats
Henrik,Walldén,Henrik Per Gunnar Walldén,CEO,PubQ AB,pubq.se,559057-4843,Spiris/marknadsplats
Anton,Weihard,Anton Mattias Weihard,CEO,Goava Sales Intelligence AB,goava.com,559081-1518,Spiris/marknadsplats
Alexander,Rintala,Alexander Jonathan Rintala,CEO,Univid AB,univid.io,559223-0865,Spiris/marknadsplats
Jens,Nilsson,Jens Gustav Nilsson,CEO,Bovra Technologies AB,bovra.se,559299-7299,Spiris/marknadsplats
Nils,Månsson,Nils Magnus Månsson,CEO,Visma Amili AB,amili.se,556439-5670,Spiris/marknadsplats
Niklas,Lundberg,Niklas Per-Arne Horn Lundberg,CEO,Crediflow AB,anysys.se,559012-6131,Spiris/marknadsplats
Leif,Delin,Leif Erik Johan Svante Delin,Board member,Degverket AB,bankflode.se,559529-2995,Spiris/marknadsplats
Johan,Roxhage,Johan Fredrik Roxhage,CEO,Allevi Systems AB,carefox.se,556780-4157,Spiris/marknadsplats
Ulla,Liberg,Ulla Yvonne Michell Liberg,Chairman,Mebyou - e-srv AB,mebyou.se,559010-7701,Spiris/marknadsplats
Fredrik,Borin,Fredrik Nils Ragnar Borin,CEO,Insera AB,insera.se,556641-5542,Spiris/marknadsplats
Anna,Skogman,Anna Malin Victoria Skogman,CEO,Billmate AB,qvickly.io,556918-4129,Spiris/marknadsplats
Christer,Ekman,Christer Edvard Folke Ekman,Board member,Avazon Technologies AB,avazon.se,556900-6587,Spiris/marknadsplats
Rene,Sitter,Rene Jonsson Sitter,Board member,Sitter IT AB,sitterit.se,559017-6615,Spiris/marknadsplats
Karl,Lindgren,Karl Fredrik Samuel Lindgren,CEO,WebPages nklt AB,mobitid.se,556749-4546,Spiris/marknadsplats
Petter,Strömberg,Petter Olof Strömberg,CEO,Karpet AB,nuba.se,556783-6050,Spiris/marknadsplats
Rolf,Nilsson,Rolf Jonas Nilsson,Board member,OneBridge Sweden AB,onebridge.se,559478-9124,Spiris/marknadsplats
Nils,Wollmark,Nils Johan Törnström Wollmark,CEO,Reda,reda.ai,559167-6902,Spiris/marknadsplats
David,Shubeli,David Matti Shubeli,CEO,Clearify AB,sharely.se,556915-9972,Spiris/marknadsplats
Per,Larsson,Per Fredrik Larsson,CEO,Shiplink AB,shiplink.se,556783-0707,Spiris/marknadsplats
Sofia,Pontén,Sofia Beata Malin Pontén,CEO,WhyWay AB,sustance.com,559379-1428,Spiris/marknadsplats
Thomas,Thard,Thomas Thard,Board member,P&K TimeApp Aktiebolag,timeapp.se,556460-3669,Spiris/marknadsplats
Jesper,Atie,Jesper Ringholm Atie,CEO,Nutid AB,crona.se,556568-2746,Spiris/marknadsplats
Lars,Eriksson,Lars Petter Eriksson,CEO,Xpektor Tech AB,xpektor.se,559294-9597,Spiris/marknadsplats
